accuracy,Loss
0.9692500233650208,0.09734855592250824
